,0,1
0,1.9082694,-1.0398548
1,2.0656142,-1.1176322
2,2.1682532,-1.0707564
3,2.0822697,-1.3143333
4,2.1904788,-0.9431993
5,2.1667335,-1.0889897
6,2.1604443,-1.0184942
7,2.083707,-1.316063
8,2.0630317,-1.464086
9,2.0829954,-1.3152035
10,2.0820234,-1.3131509
11,2.1537552,-1.0192283
12,2.1508887,-1.0121319
13,2.170817,-0.96683395
14,2.12921,-1.2182742
15,2.0599198,-1.1101193
16,2.1476738,-1.3331561
17,2.147753,-1.3354394
18,2.1535528,-1.2597724
19,2.0820234,-1.3131509
20,2.1403148,-1.2185063
21,2.064513,-0.97450155
22,2.145855,-1.1931303
23,2.113449,-1.2535623
24,2.0820234,-1.3131509
25,1.9802614,-1.3045989
26,2.0844588,-1.3169795
27,2.021691,-1.380979
28,2.1099083,-1.3551017
29,2.1099083,-1.3551017
30,2.082102,-1.3135481
31,2.085016,-1.3110791
32,2.0994525,-1.3218048
33,2.1034603,-1.2771001
34,2.0933754,-1.31754
35,2.1056542,-1.3058898
36,1.9426607,-1.2605574
37,2.0852547,-1.317958
38,2.1106231,-1.2540566
39,2.1121163,-1.2511125
40,2.1115508,-1.2522264
41,2.0738802,-0.5425427
42,2.1440315,-1.3769776
43,2.0031772,-1.3675079
44,2.0057733,-1.3705662
45,2.054924,-1.3555863
46,2.1106231,-1.2540566
47,2.0384665,-1.3811529
48,2.0831409,-1.2393998
49,2.1371284,-1.303485
50,2.151645,-1.1095597
51,2.1024823,-1.3224205
52,2.085971,-1.2631453
53,2.014596,-1.3056263
54,2.1106231,-1.2540566
55,2.0421872,-1.3354007
56,2.170299,-1.2409602
57,2.0698893,-1.2452456
58,2.0859714,-1.2631453
59,2.0164182,-1.3078822
60,2.1106231,-1.2540566
61,2.0421872,-1.3354007
62,2.170299,-1.2409602
63,2.0690477,-1.220435
64,2.0820234,-1.3131509
65,1.9164913,-1.2141745
66,2.0820234,-1.3131509
67,2.0859714,-1.2631453
68,2.0820234,-1.3131509
69,2.1699066,-1.3323674
70,1.6951264,-1.0215862
71,1.9616202,-1.2065469
72,2.087945,-0.8689712
73,2.0822697,-1.3143333
74,2.1509922,-0.549578
75,2.2606032,-0.78938293
76,2.0797815,-1.0474992
77,2.083707,-1.316063
78,2.0599847,-1.5249344
79,2.0829954,-1.3152035
80,2.0820234,-1.3131509
81,2.1738896,-0.9706762
82,2.1722572,-0.9769259
83,2.1941695,-0.23784576
84,2.1478047,-1.0870975
85,1.9776667,-1.2106589
86,2.1490884,-1.333224
87,2.1472878,-1.3391541
88,2.1410246,-1.2016398
89,2.0820234,-1.3131509
90,2.079645,-1.2656678
91,2.0472896,-0.938736
92,2.1196294,-1.0979096
93,2.1577284,-1.154275
94,2.0820234,-1.3131509
95,1.8868517,-1.2327021
96,2.0844588,-1.3169795
97,1.9779897,-1.34723
98,2.0858002,-1.3578109
99,2.0858002,-1.3578109
100,2.082102,-1.3135481
101,2.0856562,-1.3091633
102,2.0994525,-1.3218048
103,2.1125855,-1.2618867
104,2.0933754,-1.31754
105,2.130121,-1.3014073
106,1.8869591,-1.3372577
107,2.0852547,-1.317958
108,2.1481152,-1.1762162
109,2.152095,-1.1640341
110,2.15058,-1.168688
111,2.0301216,-0.74009204
112,2.1478405,-1.4042245
113,1.9510337,-1.2873212
114,1.9547178,-1.2945943
115,2.0329537,-1.375119
116,2.1481152,-1.1762162
117,2.0243437,-1.3959888
118,2.0507104,-1.1983931
119,2.174996,-1.1640085
120,2.1072452,-1.0866199
121,2.1242352,-1.3266181
122,2.0865705,-1.258305
123,2.0116553,-1.3048607
124,2.1481152,-1.1762162
125,2.0243998,-1.3276333
126,2.2093122,-1.2287543
127,2.0412035,-1.2320795
128,2.0865705,-1.258305
129,2.0129104,-1.3063654
130,2.1481152,-1.1762162
131,2.0243998,-1.3276333
132,2.2093122,-1.2287543
133,2.0476863,-1.2821044
134,2.0820234,-1.3131509
135,1.748671,-1.1151364
136,2.0820234,-1.3131509
137,2.0865705,-1.258305
138,2.0820234,-1.3131509
139,2.1699066,-1.3323674
140,1.5887827,-1.1021249
141,1.9227016,-1.270444
142,2.0176723,-0.6822147
143,2.0822697,-1.3143333
144,1.7577493,-0.03895663
145,2.2750735,-0.56895417
146,1.9387391,-1.3181908
147,2.083707,-1.316063
148,2.0590134,-1.4557548
149,2.0829954,-1.3152035
150,2.0820234,-1.3131509
151,2.0056067,-1.3338574
152,1.9393003,-1.7416822
153,2.005809,-0.55075824
154,2.0983841,-1.1455538
155,1.9227395,-1.2703913
156,2.1297631,-1.3283285
157,2.1386895,-1.3351324
158,2.112083,-1.2194712
159,2.0820234,-1.3131509
160,2.0429945,-1.3118682
161,2.004927,-1.2108315
162,2.1387362,-0.9281702
163,2.2019362,-0.983517
164,2.0820234,-1.3131509
165,1.8772445,-1.4171064
166,2.0844588,-1.3169795
167,1.9401227,-1.2674767
168,2.0749133,-1.3619373
169,2.076123,-1.3622358
170,2.082102,-1.3135481
171,2.0854614,-1.3057635
172,2.0994525,-1.3218048
173,2.123518,-1.243553
174,2.0933754,-1.31754
175,2.1538198,-1.296092
176,1.9865286,-1.3698727
177,2.0852547,-1.317958
178,2.1856062,-1.1244926
179,2.1902177,-1.1451833
180,2.1858752,-1.1343578
181,2.1029096,-1.1154302
182,2.1515217,-1.4371082
183,1.9135116,-1.2428972
184,1.917452,-1.244393
185,2.0006683,-1.389959
186,2.1856062,-1.1244925
187,2.0083542,-1.3897308
188,2.007605,-1.1955361
189,2.2148619,-0.91090804
190,2.0864377,-1.1859697
191,2.143025,-1.3297279
192,2.08717,-1.2534721
193,2.0086346,-1.3040644
194,2.1847613,-1.1238022
195,2.0105388,-1.3102894
196,2.2402775,-1.2042202
197,2.037546,-1.2791005
198,2.08717,-1.2534721
199,2.009902,-1.3055346
200,2.1847613,-1.1238022
201,2.0105388,-1.3102894
202,2.2402775,-1.2042202
203,2.1498735,-1.6644585
204,2.0820234,-1.3131509
205,1.5784949,-1.0159897
206,2.0820234,-1.3131509
207,2.08717,-1.2534721
208,2.0820234,-1.3131509
209,2.1699066,-1.3323674
210,1.5200763,-1.4162744
211,1.8720781,-1.2408963
212,2.1959553,-0.87181735
213,2.0822697,-1.3143333
214,1.8602649,-1.5662552
215,2.186313,-0.83560234
216,2.5433912,0.45424023
217,2.083707,-1.316063
218,2.039272,-1.3872097
219,2.0829954,-1.3152035
220,2.0820234,-1.3131509
221,2.3271365,-0.5295325
222,2.3274806,-0.5306398
223,2.776231,0.39233553
224,2.0642192,-1.2087349
225,1.8721907,-1.2409365
226,2.1185992,-1.3268418
227,2.1407413,-1.3382382
228,2.0624335,-1.1998986
229,2.0820234,-1.3131509
230,2.0359213,-1.3617392
231,1.964289,-1.2749935
232,2.1504383,-0.8268041
233,2.2695093,-0.9322953
234,2.0820234,-1.3131509
235,1.9692173,-1.3833901
236,2.0844588,-1.3169795
237,1.9148777,-1.2442746
238,2.0539525,-1.3627269
239,2.0539525,-1.3627269
240,2.082102,-1.3135481
241,2.0826726,-1.299018
242,2.0994525,-1.3218048
243,2.1360977,-1.2223179
244,2.0933754,-1.31754
245,2.1767793,-1.2899681
246,1.9424212,-1.3235804
247,2.0852547,-1.317958
248,2.1762714,-1.141304
249,2.181478,-1.1223831
250,2.1760256,-1.1307331
251,2.1145046,-1.2660285
252,2.1529899,-1.4747821
253,1.8817008,-1.28695
254,1.8819823,-1.262567
255,1.9636258,-1.3951153
256,2.1042886,-1.171968
257,1.9890759,-1.3833252
258,1.9328723,-1.2016261
259,2.268937,-0.57766545
260,1.922135,-1.2911925
261,2.159291,-1.3317066
262,2.0877938,-1.2485117
263,2.0050578,-1.3026451
264,2.105129,-1.1718447
265,2.070438,-1.3732744
266,2.283601,-1.1475852
267,2.119532,-1.4643304
268,2.0877938,-1.2485117
269,2.0050578,-1.3026451
270,2.1062534,-1.1735858
271,2.0670145,-1.3730237
272,2.283601,-1.1475852
273,2.7148,-2.4287436
274,2.0820234,-1.3131509
275,1.4058985,-0.9166813
276,2.0820234,-1.3131509
277,2.0877938,-1.2485117
278,2.0820234,-1.3131509
279,2.1699066,-1.3323674
280,1.5278568,-1.5956383
281,1.8335364,-1.3319945
282,2.348157,-1.1727802
283,2.0822697,-1.3143333
284,3.167046,0.045024488
285,2.121793,-0.9396373
286,2.5162368,-0.13725866
287,2.083707,-1.316063
288,1.9915406,-1.3780022
289,2.0829954,-1.3152035
290,2.0820234,-1.3131509
291,2.884829,-0.667887
292,2.6089833,-0.9097602
293,3.049833,-0.25052202
294,2.1522694,-1.2606522
295,1.8344396,-1.334069
296,2.1288674,-1.3305796
297,2.1182227,-1.3174477
298,2.023638,-1.1903582
299,2.0820234,-1.3131509
300,2.0279284,-1.3993374
301,1.945724,-1.2192019
302,2.1537817,-0.75714654
303,2.3062344,-0.8500231
304,2.0820234,-1.3131509
305,1.7978035,-1.3741366
306,2.0844588,-1.3169795
307,1.7549376,-1.3537432
308,2.0160854,-1.3508756
309,2.0160854,-1.3508756
310,2.082102,-1.3135481
311,2.0831294,-1.295852
312,2.0994525,-1.3218048
313,2.1525657,-1.2033529
314,2.0933754,-1.31754
315,2.1991181,-1.2829124
316,1.8655657,-1.3180823
317,2.0852547,-1.317958
318,2.2444954,-0.9124252
319,2.2450163,-0.9145263
320,2.2458506,-0.91209346
321,2.1195536,-1.4916244
322,2.1490333,-1.5157542
323,1.8505716,-1.5178206
324,1.856253,-1.4632792
325,1.9199867,-1.3904246
326,2.0402026,-1.0990357
327,1.9798698,-1.3868656
328,1.859939,-1.2166814
329,2.3006945,-0.27286285
330,2.1602926,-1.202102
331,2.1737776,-1.332414
332,2.082834,-1.2615286
333,2.048804,-1.3229276
334,2.0422707,-1.0927639
335,2.0523057,-1.2321007
336,2.342154,-1.0766208
337,2.3435626,-1.5936093
338,2.086938,-1.2446554
339,2.0570183,-1.3238689
340,2.1468577,-1.2100595
341,2.053757,-1.2289884
342,2.33987,-1.0711497
343,3.3121607,-3.2899687
344,2.0820234,-1.3131509
345,1.2308089,-0.81716126
346,2.0820234,-1.3131509
347,2.0956275,-1.2452403
348,2.0820234,-1.3131509
349,2.1699066,-1.3323674
350,-5.0917473,2.0063748
351,-5.0845175,2.0094068
352,-4.92136,1.9897286
353,-4.968835,2.018533
354,-4.9177322,1.9977942
355,-4.9177322,1.9977942
356,-4.91167,2.0192637
357,-4.960964,1.9977642
358,-4.966688,1.9583875
359,-4.956317,1.9857898
360,-4.968835,2.018533
361,-4.9237356,2.0012476
362,-4.9237356,2.0012476
363,-4.8951583,2.0661306
364,-4.911914,2.052445
365,-5.0856733,2.00884
366,-5.037852,1.8610871
367,-5.0364027,1.8601298
368,-4.9911923,1.9030595
369,-4.968835,2.018533
370,-4.896047,2.0274453
371,-5.1580167,2.2722108
372,-4.896047,2.0274453
373,-4.918914,2.05189
374,-4.968835,2.018533
375,-5.0035424,1.9999375
376,-4.954878,1.9198031
377,-4.975738,1.9973294
378,-5.0361013,1.8642607
379,-5.0361013,1.8642607
380,-4.9648004,2.0078175
381,-4.978742,2.0223494
382,-4.966533,2.0123963
383,-4.914743,2.0660887
384,-4.9655147,2.0157197
385,-4.953559,2.0278504
386,-5.023262,1.991621
387,-4.968768,2.0183487
388,-4.9138293,2.0460956
389,-4.911291,2.045807
390,-4.912231,2.0459313
391,-4.918031,2.3554091
392,-5.048087,1.7909687
393,-4.9824076,2.010108
394,-4.9810243,2.0082686
395,-5.239622,1.9725205
396,-4.9138293,2.0460956
397,-4.9768047,1.9913416
398,-4.984483,2.0117383
399,-5.001189,1.876221
400,-4.8851485,2.0640404
401,-4.938508,1.9583764
402,-4.9634333,2.0438726
403,-5.1087365,2.0046203
404,-4.9138293,2.0460956
405,-5.031784,1.9880658
406,-4.8889995,2.073288
407,-5.094797,1.9101635
408,-4.9634333,2.0438726
409,-5.1087365,2.0046203
410,-4.9138293,2.0460956
411,-5.031784,1.9880658
412,-4.8889995,2.073288
413,-5.0945873,1.8618736
414,-4.968835,2.018533
415,-5.055324,2.0718107
416,-4.968835,2.018533
417,-4.9634333,2.0438726
418,-4.968835,2.018533
419,-5.0408907,1.8402272
420,-5.221163,1.9856976
421,-5.200695,1.9914157
422,-5.1228247,1.9682798
423,-4.968835,2.018533
424,-5.1890273,1.7205503
425,-5.1000843,1.6959893
426,-5.200657,1.729152
427,-4.960964,1.9977642
428,-4.97734,1.922279
429,-4.956317,1.9857898
430,-4.968835,2.018533
431,-5.21177,1.6257391
432,-5.21233,1.6248614
433,-5.1238384,1.7740438
434,-4.8865323,2.06588
435,-5.200889,1.9927466
436,-5.0402436,1.8464445
437,-5.044732,1.8454899
438,-4.94864,1.9876212
439,-4.968835,2.018533
440,-5.0656214,1.8396361
441,-5.094695,2.2560732
442,-5.073255,1.8160017
443,-4.884147,2.0653684
444,-4.968835,2.018533
445,-5.1071234,1.9121331
446,-4.954878,1.9198031
447,-4.9902534,2.010731
448,-5.1237082,1.8210868
449,-5.1237082,1.8210868
450,-4.9648004,2.0078175
451,-4.985905,2.019474
452,-4.966533,2.0123963
453,-4.8607316,2.1141684
454,-4.9655147,2.0157197
455,-4.93605,2.0355432
456,-5.1269603,1.7442526
457,-4.968768,2.0183487
458,-4.8874226,2.056835
459,-4.8892565,2.0540445
460,-4.888559,2.055154
461,-5.2816477,2.1388268
462,-5.048087,1.7909687
463,-5.0083222,1.9953995
464,-5.004879,1.9985363
465,-5.391908,1.9527694
466,-4.8874226,2.056835
467,-4.9778695,1.9872268
468,-5.0251837,1.9916945
469,-5.136784,2.0241797
470,-4.898295,2.048525
471,-4.961337,1.9098365
472,-4.9553885,2.072985
473,-5.25132,1.9870354
474,-4.8874226,2.056835
475,-5.0900645,1.9505458
476,-4.8486643,2.0754554
477,-5.076255,1.849751
478,-4.9553885,2.072985
479,-5.25132,1.9870354
480,-4.8874226,2.056835
481,-5.0900645,1.9505458
482,-4.8486643,2.0754554
483,-5.0902534,1.9400235
484,-4.968835,2.018533
485,-5.142124,2.1250794
486,-4.968835,2.018533
487,-4.9553885,2.072985
488,-4.968835,2.018533
489,-5.0457573,1.8281666
490,-5.3722043,1.9828483
491,-5.339464,1.9937731
492,-5.3005204,2.172987
493,-4.968835,2.018533
494,-5.4826736,1.2596822
495,-4.922638,1.6298646
496,-5.5317206,1.245624
497,-4.960964,1.9977642
498,-4.962327,1.8763955
499,-4.956317,1.9857898
500,-4.968835,2.018533
501,-5.459289,1.08651
502,-5.482852,1.0495219
503,-5.262339,1.329582
504,-4.9241757,1.9959569
505,-5.3399224,1.9951184
506,-5.0399475,1.844643
507,-5.041096,1.8349689
508,-4.9117,1.981361
509,-4.968835,2.018533
510,-5.1531086,1.7742733
511,-5.195153,1.8714812
512,-5.2070713,1.6102692
513,-4.907451,2.025635
514,-4.968835,2.018533
515,-5.1374974,1.8453777
516,-4.954878,1.9198031
517,-5.015225,1.9923689
518,-5.1933646,1.7813036
519,-5.193687,1.7680387
520,-4.9648004,2.0078175
521,-4.994122,2.0255427
522,-4.966533,2.0123963
523,-4.807317,2.1622827
524,-4.9655147,2.0157197
525,-4.9177604,2.0449166
526,-5.104188,1.8897786
527,-4.968768,2.0183487
528,-4.9195304,1.995115
529,-4.9341836,1.9738234
530,-4.9289765,1.9823322
531,-5.361477,2.039865
532,-5.048087,1.7909687
533,-5.0916023,1.9829187
534,-5.0756965,1.9859923
535,-5.468552,1.979809
536,-4.9195304,1.995115
537,-4.978596,1.983235
538,-5.1047964,1.9257007
539,-5.413229,2.583554
540,-4.9856157,1.8973856
541,-5.000698,1.8764209
542,-4.947476,2.1091535
543,-5.4159303,1.9912797
544,-4.9195304,1.995115
545,-5.162109,1.9129784
546,-4.820351,2.0970974
547,-5.107858,2.047775
548,-4.9273105,2.0766747
549,-5.4159303,1.9912797
550,-4.9195304,1.995115
551,-5.162109,1.9129784
552,-4.820351,2.0970974
553,-5.149643,1.9297546
554,-4.968835,2.018533
555,-5.2292385,2.178341
556,-4.968835,2.018533
557,-4.947476,2.1091535
558,-4.968835,2.018533
559,-5.0510073,1.8174899
560,-5.5439296,1.9584345
561,-5.4342723,1.9949092
562,-5.4454846,2.081062
563,-4.968835,2.018533
564,-5.587146,1.5647959
565,-4.92228,1.563672
566,-5.7133245,1.0822414
567,-4.960964,1.9977642
568,-4.976372,1.7636708
569,-4.956317,1.9857898
570,-4.968835,2.018533
571,-5.5238633,1.2521582
572,-5.534171,1.1906664
573,-5.348326,1.2722157
574,-5.075221,1.8733853
575,-5.4399896,1.9916227
576,-5.017893,1.8506868
577,-5.023514,1.8335594
578,-4.9166384,1.8883168
579,-4.968835,2.018533
580,-5.146528,1.8020941
581,-5.2443337,1.7689531
582,-5.199179,1.5492588
583,-4.987624,1.8896314
584,-4.968835,2.018533
585,-5.0944066,1.9044726
586,-4.954878,1.9198031
587,-5.0742946,1.9863034
588,-5.2344265,1.7759134
589,-5.2344265,1.7759134
590,-4.9648004,2.0078175
591,-5.0046964,2.0340707
592,-4.966533,2.0123963
593,-4.7524657,2.2092443
594,-4.9655147,2.0157197
595,-4.8996196,2.056352
596,-5.129465,1.9778293
597,-4.968768,2.0183487
598,-5.014725,1.7071179
599,-4.9994946,1.6414406
600,-5.0103903,1.6640779
601,-5.3097606,1.8540858
602,-5.048087,1.7909687
603,-5.109454,1.862713
604,-5.106829,1.8991734
605,-5.4991674,2.0671237
606,-5.017662,1.7624251
607,-4.97892,1.9787091
608,-5.1268673,1.7750394
609,-5.4836183,2.994562
610,-5.1229167,1.8230087
611,-5.0381727,1.8634238
612,-4.9463553,2.1585515
613,-5.5011363,1.9875199
614,-5.017871,1.7620136
615,-5.265907,1.875616
616,-4.7987714,2.088355
617,-5.1010194,1.8898394
618,-4.930529,2.1316762
619,-5.4995027,1.9860126
620,-5.017871,1.7620136
621,-5.265907,1.875616
622,-4.7987714,2.088355
623,-4.9856114,1.6814145
624,-4.968835,2.018533
625,-5.3166757,2.2315981
626,-4.968835,2.018533
627,-4.9463553,2.1585515
628,-4.968835,2.018533
629,-5.0520744,1.8266513
630,-5.638205,1.8051637
631,-5.401326,2.041667
632,-5.329822,2.0045877
633,-4.968835,2.018533
634,-5.631455,0.45781916
635,-5.1592956,1.2495131
636,-5.284775,1.6563334
637,-4.960964,1.9977642
638,-4.9730515,1.7157376
639,-4.956317,1.9857898
640,-4.968835,2.018533
641,-5.0072994,1.4545548
642,-5.368165,1.0382196
643,-4.8807135,2.2769127
644,-5.1176853,1.6995465
645,-5.362907,1.9815849
646,-5.0093617,1.8483536
647,-5.010858,1.844448
648,-5.006215,1.7529627
649,-4.968835,2.018533
650,-5.1321435,1.802596
651,-5.2828355,1.8213515
652,-5.153929,1.609368
653,-4.966705,1.9218246
654,-4.968835,2.018533
655,-5.287315,1.8008883
656,-4.954878,1.9198031
657,-5.2420883,1.6809024
658,-5.2458014,1.8755144
659,-5.2458014,1.8755144
660,-4.9648004,2.0078175
661,-5.0135446,2.039659
662,-4.966533,2.0123963
663,-4.698287,2.256226
664,-4.9655147,2.0157197
665,-4.8820577,2.069956
666,-5.1575136,2.0291133
667,-4.968768,2.0183487
668,-5.4431353,1.7381251
669,-5.4452295,1.7398261
670,-5.4431353,1.7381251
671,-5.318379,1.5744538
672,-5.048087,1.7909687
673,-5.1135507,1.6591408
674,-5.234619,1.405224
675,-5.558038,2.0772057
676,-5.16381,1.9083161
677,-4.9777455,1.9838035
678,-5.1492763,1.8744308
679,-5.5511394,3.269468
680,-5.117447,1.7153671
681,-5.0499334,1.7819955
682,-4.907636,2.137387
683,-5.6018467,1.931681
684,-5.157758,1.9140718
685,-5.2002506,2.0038102
686,-4.7940264,2.0329964
687,-4.9439025,1.7369574
688,-4.907636,2.137387
689,-5.598755,1.929047
690,-5.0069904,1.7215738
691,-5.201954,2.0024352
692,-4.7940264,2.0329964
693,-4.563116,1.0750092
694,-4.968835,2.018533
695,-5.4044375,2.2848547
696,-4.968835,2.018533
697,-4.907636,2.137387
698,-4.968835,2.018533
699,-5.0519786,1.8352275
700,8.160353,-0.9587799
701,8.3218565,-1.0936764
702,8.448866,-0.7552402
703,8.54225,-0.656128
704,8.3876295,-1.0094712
705,8.49548,-1.000508
706,8.321866,-1.2872654
707,8.56507,-0.71923685
708,8.561817,-0.86564887
709,8.549746,-0.67840505
710,8.544662,-0.66325444
711,8.310189,-1.2855835
712,8.329212,-1.0929947
713,8.306528,-1.084738
714,8.564674,-0.6183778
715,8.319915,-1.0797076
716,8.532665,-0.6618427
717,8.532665,-0.6618427
718,8.510576,-0.74520206
719,8.544662,-0.66325444
720,8.562981,-0.7577785
721,8.548741,-0.7322713
722,8.572544,-0.7217401
723,8.557219,-0.640933
724,8.544662,-0.66325444
725,8.321719,-0.7320277
726,8.54225,-0.656128
727,8.396155,-0.7313888
728,8.517902,-0.7117154
729,8.51949,-0.7152912
730,8.544848,-0.66380537
731,8.545211,-0.6680751
732,8.544662,-0.66325444
733,8.562863,-0.6327831
734,8.562835,-0.6824883
735,8.546242,-0.64291066
736,8.330759,-0.73278195
737,8.542851,-0.65790105
738,8.553881,-0.6208003
739,8.557273,-0.63912725
740,8.5573015,-0.63976675
741,8.489226,0.192447
742,8.550082,-0.8551527
743,8.396952,-0.72664136
744,8.381893,-0.73045504
745,8.459336,-0.77782804
746,8.553881,-0.6208003
747,8.454634,-0.72217524
748,8.473005,-0.60625106
749,8.592989,-0.6914649
750,8.543201,-0.55427146
751,8.555428,-0.6955866
752,8.510602,-0.7295355
753,8.402556,-0.78630245
754,8.553881,-0.6208003
755,8.514522,-0.71241385
756,8.577137,-0.65580434
757,8.472959,-0.69056845
758,8.510602,-0.7295355
759,8.402556,-0.78630245
760,8.557244,-0.6323318
761,8.514522,-0.71241385
762,8.577137,-0.65580434
763,8.504876,-0.55688137
764,8.544662,-0.66325444
765,8.34303,-0.5996054
766,8.544662,-0.66325444
767,8.510602,-0.7295355
768,8.544662,-0.66325444
769,8.594905,-0.7861619
770,7.9343896,-0.91879344
771,8.227125,-1.3110055
772,8.351447,-0.61375874
773,8.54225,-0.656128
774,8.226883,-1.0004731
775,8.386933,-1.3241038
776,8.267873,-0.49089605
777,8.56507,-0.71923685
778,8.533336,-1.0301933
779,8.549746,-0.67840505
780,8.544662,-0.66325444
781,8.273048,-0.47502518
782,8.266908,-0.4814548
783,8.156222,-0.76751345
784,8.533583,-0.5530711
785,8.226174,-1.3072813
786,8.525151,-0.6983413
787,8.525151,-0.69834113
788,8.4868965,-0.9127223
789,8.544662,-0.66325444
790,8.525693,-0.83978534
791,8.370168,-0.62102044
792,8.538452,-0.75262594
793,8.557909,-0.6252569
794,8.544662,-0.66325444
795,8.215682,-0.7560433
796,8.54225,-0.656128
797,8.306072,-0.79136026
798,8.505798,-0.70697975
799,8.516068,-0.72879314
800,8.544848,-0.66380537
801,8.545572,-0.670317
802,8.544662,-0.66325444
803,8.569338,-0.6218556
804,8.562835,-0.6824883
805,8.553219,-0.6419727
806,8.230312,-0.7571752
807,8.542851,-0.65790105
808,8.543899,-0.63840175
809,8.542404,-0.5966196
810,8.542825,-0.59840816
811,8.547717,0.2576237
812,8.499786,-0.96192956
813,8.304696,-0.7858323
814,8.28824,-0.78994167
815,8.415424,-0.8313707
816,8.543687,-0.64488715
817,8.413308,-0.74517614
818,8.436189,-0.64234203
819,8.618926,-0.61312836
820,8.495747,-0.5861453
821,8.568515,-0.7248144
822,8.481919,-0.80788046
823,8.387459,-0.7901443
824,8.543901,-0.63834035
825,8.502988,-0.7235012
826,8.584378,-0.67193925
827,8.51358,-0.51401794
828,8.481919,-0.80788046
829,8.387459,-0.7901443
830,8.543929,-0.6370377
831,8.502576,-0.7170861
832,8.584378,-0.67193925
833,8.726094,-0.1692216
834,8.544662,-0.66325444
835,8.138073,-0.5138845
836,8.544662,-0.66325444
837,8.481919,-0.80788046
838,8.544662,-0.66325444
839,8.594906,-0.7861634
840,7.738483,-1.06111
841,8.141826,-1.4610376
842,8.464286,-0.6628713
843,8.54225,-0.656128
844,8.101798,-2.279904
845,8.266393,-1.3227904
846,8.4688015,0.24674624
847,8.56507,-0.71923685
848,8.539299,-1.0476891
849,8.549746,-0.67840505
850,8.544662,-0.66325444
851,8.409896,-0.24977328
852,8.40916,-0.25082928
853,8.392788,-0.35756707
854,8.470834,-0.6390764
855,8.141953,-1.457644
856,8.483038,-0.73748213
857,8.483038,-0.73748213
858,8.418052,-1.0910629
859,8.544662,-0.66325444
860,8.458313,-0.96433413
861,8.32364,-0.6456142
862,8.469328,-0.8206461
863,8.548341,-0.59655905
864,8.544662,-0.66325444
865,8.262128,-0.7669173
866,8.54225,-0.656128
867,8.254616,-0.7791394
868,8.500713,-0.7190383
869,8.501645,-0.72089684
870,8.544848,-0.66380537
871,8.5433445,-0.6655626
872,8.544662,-0.66325444
873,8.576764,-0.60925627
874,8.562835,-0.6824883
875,8.560249,-0.640686
876,8.26733,-0.743756
877,8.542851,-0.65790105
878,8.519904,-0.54763716
879,8.514512,-0.56239295
880,8.518672,-0.56306094
881,8.469871,-0.18372494
882,8.446098,-1.073486
883,8.2529955,-0.77659
884,8.241201,-0.77128965
885,8.361958,-0.8977208
886,8.519976,-0.5484451
887,8.372909,-0.7638635
888,8.373361,-0.6710207
889,8.649511,-0.4556043
890,8.467036,-0.69587874
891,8.584758,-0.75183505
892,8.431073,-0.9559494
893,8.373796,-0.7985095
894,8.520356,-0.55053127
895,8.475703,-0.7433042
896,8.606351,-0.70433354
897,8.638643,-0.3057869
898,8.431073,-0.9559494
899,8.373796,-0.7985095
900,8.519976,-0.5484451
901,8.475814,-0.74173725
902,8.606351,-0.70433354
903,8.778546,0.098520555
904,8.544662,-0.66325444
905,7.921317,-0.40412188
906,8.544662,-0.66325444
907,8.431073,-0.9559494
908,8.544662,-0.66325444
909,8.594906,-0.7861661
910,7.6242657,-1.4285555
911,8.06612,-1.5549089
912,8.555447,-0.911197
913,8.54225,-0.656128
914,8.581216,-0.49727795
915,8.124507,-1.3591557
916,8.590632,-0.15574528
917,8.56507,-0.71923685
918,8.548457,-1.0005988
919,8.549746,-0.67840505
920,8.544662,-0.66325444
921,8.280665,-1.5118613
922,8.297774,-1.5269403
923,9.127294,-0.22792464
924,8.466537,-0.89712745
925,8.067101,-1.5449632
926,8.453749,-0.81697387
927,8.453749,-0.81697387
928,8.346829,-1.2452898
929,8.544662,-0.66325444
930,8.436837,-1.0163599
931,8.125798,-0.7929906
932,8.486792,-0.84127074
933,8.536199,-0.56252724
934,8.544662,-0.66325444
935,8.380102,-0.7329322
936,8.54225,-0.656128
937,8.232308,-0.7683713
938,8.48546,-0.72168344
939,8.485661,-0.7232364
940,8.544848,-0.66380537
941,8.540049,-0.65835875
942,8.544662,-0.66325444
943,8.585024,-0.59518194
944,8.562835,-0.6824883
945,8.567047,-0.639075
946,8.377447,-0.7319995
947,8.542851,-0.65790105
948,8.401953,-0.808519
949,8.37668,-0.83101493
950,8.386247,-0.82505864
951,8.328289,-0.6608449
952,8.403577,-1.2468749
953,8.2311945,-0.7667985
954,8.22901,-0.7661688
955,8.309178,-0.94234747
956,8.409056,-0.7985375
957,8.3414545,-0.7959101
958,8.290904,-0.6398137
959,8.67268,-0.27255315
960,8.478035,-0.79874086
961,8.593325,-0.7750513
962,8.367838,-1.0317456
963,8.361412,-0.8119039
964,8.4089575,-0.7976903
965,8.425202,-0.7739034
966,8.621783,-0.71944207
967,8.763324,-0.016609909
968,8.367838,-1.0317456
969,8.361412,-0.8119039
970,8.409056,-0.7985375
971,8.425307,-0.7723323
972,8.621783,-0.719442
973,9.348135,-0.38091224
974,8.544662,-0.66325444
975,7.6875305,-0.2857412
976,8.544662,-0.66325444
977,8.367838,-1.0317456
978,8.544662,-0.66325444
979,8.594911,-0.78616816
980,7.5340824,-1.8212999
981,7.971412,-1.8167598
982,8.622885,-1.251717
983,8.54225,-0.656128
984,8.765181,-0.5360963
985,8.076756,-1.2182478
986,8.5411415,-0.91694206
987,8.56507,-0.71923685
988,8.428122,-1.0767537
989,8.549746,-0.67840505
990,8.544662,-0.66325444
991,8.493867,-1.9963012
992,8.506775,-2.019896
993,9.509809,-0.98420686
994,8.487652,-0.95134336
995,7.97593,-1.6626259
996,8.429027,-0.8972477
997,8.409277,-0.8674918
998,8.33264,-1.2599559
999,8.544662,-0.66325444
1000,8.421644,-1.0449454
1001,8.423983,-0.92997634
1002,8.518136,-0.8158507
1003,8.536222,-0.58417064
1004,8.544662,-0.66325444
1005,8.453714,-0.76041824
1006,8.54225,-0.656128
1007,8.235099,-0.7794776
1008,8.460867,-0.71306753
1009,8.460867,-0.71306753
1010,8.544848,-0.66380537
1011,8.54214,-0.6660637
1012,8.544662,-0.66325444
1013,8.594672,-0.5819361
1014,8.562835,-0.6824883
1015,8.573618,-0.6371475
1016,8.41443,-0.7702458
1017,8.542851,-0.65790105
1018,8.652516,-0.33516455
1019,8.652683,-0.33568326
1020,8.652683,-0.33568326
1021,8.611761,-1.462411
1022,8.379922,-1.5307446
1023,8.233517,-0.7789803
1024,8.235389,-0.9949645
1025,8.27479,-0.9678128
1026,8.353289,-0.86660916
1027,8.310181,-0.8258379
1028,8.206507,-0.649798
1029,8.6899605,-0.047417454
1030,8.38217,-1.2465655
1031,8.597539,-0.7950028
1032,8.300996,-1.125017
1033,8.3689995,-0.79254305
1034,8.354972,-0.8619407
1035,8.380696,-0.9030419
1036,8.631256,-0.7804984
1037,8.753872,-1.8423201
1038,8.300996,-1.1250169
1039,8.393202,-0.76244295
1040,8.384599,-0.87881553
1041,8.380696,-0.9030419
1042,8.631256,-0.7804984
1043,9.92646,-4.368364
1044,8.544662,-0.66325444
1045,7.443078,-0.16583382
1046,8.544662,-0.66325444
1047,8.300996,-1.1250169
1048,8.544662,-0.66325444
1049,8.59491,-0.7861709
1050,-5.9271007,-0.030227285
1051,-5.882642,-0.00976206
1052,-5.9029603,0.07828964
1053,-5.7836776,-0.05082255
1054,-5.9039607,0.039354905
1055,-5.9149528,0.0010341787
1056,-5.905725,0.03070788
1057,-5.7711496,-0.033101708
1058,-5.7842593,-0.118062116
1059,-5.7711496,-0.033101708
1060,-5.7725883,-0.038149696
1061,-5.9125595,0.053867273
1062,-5.9125595,0.053867273
1063,-5.910257,0.032823984
1064,-5.778989,-0.021238837
1065,-5.8836517,-0.011723498
1066,-5.8167825,-0.1259128
1067,-5.815291,-0.11787339
1068,-5.742003,-0.11675637
1069,-5.770518,-0.035204723
1070,-5.88328,-0.023324791
1071,-5.984779,0.28645948
1072,-5.8829665,-0.021845901
1073,-5.7769513,-0.020653898
1074,-5.7725883,-0.038149696
1075,-5.877865,-0.07500972
1076,-5.7727623,-0.03838896
1077,-5.774698,-0.14498004
1078,-5.8410187,-0.08389103
1079,-5.8410187,-0.08389103
1080,-5.770518,-0.035204723
1081,-5.7918816,-0.037029542
1082,-5.781862,-0.049025312
1083,-5.7413683,-0.0010894313
1084,-5.7506123,-0.049604807
1085,-5.75496,-0.04329644
1086,-5.9400554,-0.045426913
1087,-5.7854457,-0.05249164
1088,-5.776851,-0.02145801
1089,-5.77728,-0.02119676
1090,-5.7771196,-0.021292819
1091,-5.8857737,0.3687479
1092,-5.8449492,-0.23434792
1093,-5.7971144,-0.13406421
1094,-5.7918,-0.13735333
1095,-5.8886633,-0.09877169
1096,-5.776851,-0.02145801
1097,-5.7674384,-0.08887044
1098,-5.790693,-0.07931387
1099,-5.8195777,-0.09718481
1100,-5.7989025,-0.01612832
1101,-5.790274,-0.0566859
1102,-5.7614946,0.011802235
1103,-5.898985,-0.032281037
1104,-5.776851,-0.02145801
1105,-5.8501945,-0.084847696
1106,-5.700868,0.050302867
1107,-5.957604,-0.10648109
1108,-5.7614946,0.011802235
1109,-5.898985,-0.032281037
1110,-5.776851,-0.02145801
1111,-5.8501945,-0.084847696
1112,-5.700868,0.050302867
1113,-5.930125,-0.10069554
1114,-5.7725883,-0.038149696
1115,-5.858608,0.01461988
1116,-5.7725883,-0.038149696
1117,-5.7614946,0.011802235
1118,-5.7725883,-0.038149696
1119,-5.8457446,-0.16245596
1120,-6.0702624,0.0014533751
1121,-6.0103245,0.018517949
1122,-5.9979134,0.42128682
1123,-5.7836776,-0.05082255
1124,-6.0053797,0.3803214
1125,-5.8757005,0.37094772
1126,-6.04812,0.33288077
1127,-5.7711496,-0.033101708
1128,-5.8029294,-0.16011633
1129,-5.7711496,-0.033101708
1130,-5.7725883,-0.038149696
1131,-6.0531855,0.31050092
1132,-6.094299,0.26853496
1133,-6.0309343,0.31124288
1134,-5.823723,-0.011072762
1135,-5.983751,0.023693781
1136,-5.8133273,-0.13081673
1137,-5.8149915,-0.11449715
1138,-5.713211,-0.036783203
1139,-5.770518,-0.035204723
1140,-6.0507627,-0.006228831
1141,-6.11169,0.38489273
1142,-6.007748,0.114645965
1143,-5.811869,-0.01829117
1144,-5.7725883,-0.038149696
1145,-6.0308814,-0.0032122529
1146,-5.7727623,-0.03838896
1147,-5.8449926,-0.0973883
1148,-5.8938704,-0.1310678
1149,-5.8914356,-0.13692899
1150,-5.770518,-0.035204723
1151,-5.810677,-0.038521383
1152,-5.781862,-0.049025312
1153,-5.712289,0.029217895
1154,-5.7506123,-0.049604807
1155,-5.738216,-0.05164226
1156,-6.123561,-0.17918424
1157,-5.7854457,-0.05249164
1158,-5.8078256,-0.020623371
1159,-5.812999,-0.020262524
1160,-5.811068,-0.020395393
1161,-5.940089,0.65683216
1162,-5.8449492,-0.23434792
1163,-5.9061728,-0.060489457
1164,-5.8931184,-0.06687916
1165,-6.059311,-0.119341314
1166,-5.8078256,-0.020623371
1167,-5.7672195,-0.10572456
1168,-5.87749,-0.06755819
1169,-5.882346,-0.05115023
1170,-5.8503637,0.0031513937
1171,-5.8128138,-0.07263665
1172,-5.7502894,0.061457366
1173,-5.9638777,-0.038407102
1174,-5.8078256,-0.020623371
1175,-5.917143,-0.12663847
1176,-5.6676183,0.09269454
1177,-5.923548,-0.038140185
1178,-5.7502894,0.061457366
1179,-5.9638777,-0.038407102
1180,-5.8078256,-0.020623371
1181,-5.917143,-0.12663847
1182,-5.6676183,0.09269454
1183,-5.9584694,-0.03979606
1184,-5.7725883,-0.038149696
1185,-5.9475718,0.06745038
1186,-5.7725883,-0.038149696
1187,-5.7502894,0.061457366
1188,-5.7725883,-0.038149696
1189,-5.852188,-0.13082708
1190,-6.178313,0.053498093
1191,-6.1031075,0.050865386
1192,-6.0757914,0.55680186
1193,-5.7836776,-0.05082255
1194,-6.2253323,0.4784525
1195,-5.742634,0.3336122
1196,-6.0368147,0.47918406
1197,-5.7711496,-0.033101708
1198,-5.8236723,-0.2042864
1199,-5.7711496,-0.033101708
1200,-5.7725883,-0.038149696
1201,-6.014097,0.13229996
1202,-5.9597807,0.49781832
1203,-6.0034714,0.7546833
1204,-5.875614,0.0036766212
1205,-6.0639896,0.02763684
1206,-5.8140397,-0.16072716
1207,-5.8123083,-0.11995828
1208,-5.7635183,0.04486898
1209,-5.770518,-0.035204723
1210,-6.131948,-0.07205308
1211,-6.1634483,0.09122666
1212,-6.012518,0.3250099
1213,-5.8296356,-0.035308465
1214,-5.7725883,-0.038149696
1215,-6.100869,-0.21353512
1216,-5.7727623,-0.03838896
1217,-5.9273496,-0.050851874
1218,-5.928539,-0.26365227
1219,-5.92846,-0.2715729
1220,-5.770518,-0.035204723
1221,-5.832861,-0.043492958
1222,-5.781862,-0.049025312
1223,-5.681276,0.061716624
1224,-5.7506123,-0.049604807
1225,-5.72096,-0.05821603
1226,-5.988534,-0.12556969
1227,-5.7854457,-0.05249164
1228,-5.8519363,-0.018397503
1229,-5.8561416,-0.01819108
1230,-5.855547,-0.017648654
1231,-5.9101467,0.2918246
1232,-5.8449492,-0.23434792
1233,-5.981614,0.00311934
1234,-5.9826536,-0.012266068
1235,-6.208722,-0.13553746
1236,-5.8519363,-0.018397503
1237,-5.7678413,-0.12465459
1238,-5.96933,-0.036212422
1239,-5.9582443,0.33139402
1240,-5.9687905,0.022619275
1241,-5.8187113,-0.114356466
1242,-5.7402024,0.1130379
1243,-6.018654,-0.08078107
1244,-5.8519363,-0.018397503
1245,-5.9854436,-0.20848863
1246,-5.6652646,0.13300565
1247,-5.9803944,-0.07461153
1248,-5.7402024,0.1130379
1249,-6.0244617,-0.07216112
1250,-5.8519363,-0.018397503
1251,-5.9854436,-0.20848863
1252,-5.665265,0.13300557
1253,-5.959359,-0.18747102
1254,-5.7725883,-0.038149696
1255,-6.0344696,0.11690465
1256,-5.7725883,-0.038149696
1257,-5.7402024,0.1130379
1258,-5.7725883,-0.038149696
1259,-5.8288894,0.012675359
1260,-6.3218813,0.10154041
1261,-6.211237,0.009625884
1262,-6.1229177,0.465158
1263,-5.7836776,-0.05082255
1264,-6.1130257,0.90354586
1265,-5.816071,0.1201845
1266,-6.2856193,0.08637884
1267,-5.7711496,-0.033101708
1268,-5.8063684,-0.24637906
1269,-5.7711496,-0.033101708
1270,-5.7725883,-0.038149696
1271,-6.2142005,-0.26896214
1272,-6.0693307,0.26453558
1273,-5.9717474,0.967162
1274,-6.0578113,0.039864976
1275,-6.217715,0.01264678
1276,-5.8063936,-0.13885172
1277,-5.8067894,-0.13957019
1278,-5.86635,0.1488238
1279,-5.770518,-0.035204723
1280,-6.115291,-0.13112284
1281,-6.1992526,0.051366005
1282,-5.9727883,0.44242018
1283,-5.81743,0.2865871
1284,-5.7725883,-0.038149696
1285,-5.9790215,-0.10390134
1286,-5.7727623,-0.03838896
1287,-5.9832067,-0.0102736
1288,-5.964191,-0.37517813
1289,-5.964191,-0.37517813
1290,-5.770518,-0.035204723
1291,-5.866729,-0.063726954
1292,-5.781862,-0.049025312
1293,-5.6505933,0.094341695
1294,-5.7506123,-0.049604807
1295,-5.699977,-0.06147754
1296,-5.981915,0.04723602
1297,-5.7854457,-0.05249164
1298,-5.831707,-0.09500359
1299,-5.8398404,-0.06734065
1300,-5.84002,-0.07539708
1301,-5.8469305,0.5474304
1302,-5.8449492,-0.23434792
1303,-6.08197,-0.08086422
1304,-6.0598783,-0.03713972
1305,-6.2908764,-0.17351961
1306,-5.8255334,-0.1340088
1307,-5.7689404,-0.13933702
1308,-6.0250664,-0.043922402
1309,-6.1024075,0.6665992
1310,-6.107036,0.03394347
1311,-5.8353677,-0.1895652
1312,-5.725697,0.18222494
1313,-6.098723,-0.11552369
1314,-5.8255334,-0.1340088
1315,-6.052999,-0.29129198
1316,-5.6599317,0.16896588
1317,-5.885815,-0.17784213
1318,-5.725697,0.18222494
1319,-6.096521,-0.11825098
1320,-5.8255334,-0.1340088
1321,-6.052999,-0.29129198
1322,-5.659931,0.16896617
1323,-5.69026,-0.21423465
1324,-5.7725883,-0.038149696
1325,-6.1208215,0.16591221
1326,-5.7725883,-0.038149696
1327,-5.725697,0.18222494
1328,-5.7725883,-0.038149696
1329,-5.880755,-0.08893444
1330,-6.454966,0.13632426
1331,-6.332431,-0.0032998344
1332,-5.9400086,-0.07215404
1333,-5.7836776,-0.05082255
1334,-6.0250025,-0.14746208
1335,-5.830425,0.51566
1336,-5.9368167,1.4068464
1337,-5.7711496,-0.033101708
1338,-5.76884,-0.30238983
1339,-5.7711496,-0.033101708
1340,-5.7725883,-0.038149696
1341,-5.863459,0.60047734
1342,-5.90651,0.7503181
1343,-5.5047364,1.5963088
1344,-5.970634,0.28284088
1345,-6.0880127,0.022426246
1346,-5.816087,-0.23814416
1347,-5.816087,-0.23814416
1348,-5.998606,0.20734507
1349,-5.770518,-0.035204723
1350,-6.088119,-0.18547963
1351,-6.213293,0.065108396
1352,-5.997716,0.55066556
1353,-5.6500597,0.38413656
1354,-5.7725883,-0.038149696
1355,-5.992072,-0.14488527
1356,-5.7727623,-0.03838896
1357,-6.1574273,-0.22354381
1358,-6.0778894,-0.22515044
1359,-6.0778894,-0.22515044
1360,-5.770518,-0.035204723
1361,-5.9010005,-0.0786175
1362,-5.781862,-0.049025312
1363,-5.6202474,0.12709361
1364,-5.7506123,-0.049604807
1365,-5.675448,-0.060107697
1366,-6.018096,0.052590728
1367,-5.7854457,-0.05249164
1368,-5.9417653,0.424723
1369,-5.9401855,0.4233974
1370,-5.9412117,0.42563498
1371,-6.1069093,-0.46016535
1372,-5.8449492,-0.23434792
1373,-6.0826373,-0.3137167
1374,-6.4019613,-0.8327764
1375,-6.3423324,-0.17773071
1376,-5.9291368,0.004499814
1377,-5.771408,-0.15445946
1378,-6.250993,-0.18403336
1379,-6.252294,0.8896685
1380,-5.970506,0.30730125
1381,-5.851617,-0.26619858
1382,-5.7171187,0.24002574
1383,-6.197359,-0.13695358
1384,-5.9261503,0.003651864
1385,-6.024524,-0.07298297
1386,-5.650627,0.17824408
1387,-5.613306,-0.3351979
1388,-5.7171187,0.24002574
1389,-6.1929564,-0.14145814
1390,-5.8021216,-0.14680497
1391,-6.024524,-0.07298297
1392,-5.650627,0.17824408
1393,-5.2495494,-0.9089482
1394,-5.7725883,-0.038149696
1395,-6.207393,0.21489856
1396,-5.7725883,-0.038149696
1397,-5.7171187,0.24002574
1398,-5.7725883,-0.038149696
1399,-5.8830643,-0.041623518
